iteracion, tipo, tiempo, rmse_abs, applied, nrmse_rms
0, ref, 2525.0885679721832, NA, NA, NA
1, numba, 231.36075520515442, 1.8290308068690834e-16, Yes, 1.121e-14
2, IO, 115.19083023071289, 1.8290308068690834e-16, Yes, 1.121e-14
3, Spawn, 51.42845678329468, 1.8290308068690834e-16, Yes, 1.121e-14
4, hash, 48.62264394760132, 1.8290308068690834e-16, Yes, 1.121e-14
5, lazy, 48.110997915267944, 1.8290308068690834e-16, Yes, 1.121e-14
6, fft, 22.802725791931152, 1.8290308068690834e-16, Yes, 1.121e-14
7, batch, 21.846808195114136, 1.891162539983598e-16, Yes, 1.159e-14
8, cache, 21.580453157424927, 1.8895471766969035e-16, Yes, 1.158e-14
9, integration, 19.465118169784546, 0.0006764729466044717, No, 4.146e-02
10, dominant, 21.50029182434082, 1.8895471766969035e-16, Yes, 1.158e-14
11, phase, 21.155238151550293, 2.0195793843743254e-16, Yes, 1.238e-14
12, batch, 10.158574342727661, 2.1433835582211884e-16, Yes, 1.314e-14
13, share, 8.798622846603394, 2.1433835582211884e-16, Yes, 1.314e-14
14, integration, 7.561387543782516, 3.0111664129564292e-15, Yes, 1.845e-13
